<?xml version="1.0" encoding="UTF-8"?>
<project-private xmlns="http://www.netbeans.org/ns/project-private/1">
    <editor-bookmarks xmlns="http://www.netbeans.org/ns/editor-bookmarks/2" lastBookmarkId="0"/>
    <open-files xmlns="http://www.netbeans.org/ns/projectui-open-files/2">
        <group>
            <file>file:/C:/wamp/www/AIBRECE/verificaIgreja.php</file>
            <file>file:/C:/wamp/www/AIBRECE/Monitor.php</file>
            <file>file:/C:/wamp/www/AIBRECE/Igreja.php</file>
            <file>file:/C:/wamp/www/AIBRECE/conexao.php</file>
            <file>file:/C:/wamp/www/AIBRECE/impressao.php</file>
        </group>
    </open-files>
</project-private>
